{
  "lowhighbeam_signal_L": 0.0,
  "regenThrottle": 0.0,
  "hasESC": 1.0,
  "lowhighbeam_signal_R": 0.0,
  "disp_3": 0.0,
  "wheelspeed": 0.002894907513894437,
  "horn": 0.0,
  "airflowspeed": 0.006573370786797446,
  "lowpressure": 0.0,
  "disp_5": 0.0,
  "virtualAirspeed": -0.002067681429899127,
  "disp_8": 0.0,
  "running": true,
  "disp_N": 1.0,
  "parking": 0.0,
  "disp_4": 0.0,
  "steering": 8.143707930230453e-09,
  "disp_7": 0.0,
  "brakelight_signal_L": 1.0,
  "minGearIndex": 1.0,
  "boostMax": 0.0,
  "freezeState": false,
  "esc": 0.0,
  "disp_Na": 0.0,
  "disp_6": 0.0,
  "throttle": 0.0,
  "regenStrength": 3.0,
  "gearboxMode": "arcade",
  "smoothShiftLogicAV": 0.004749399747470611,
  "hasABS": 1.0,
  "ignition": true,
  "trip": 0.013538233195325839,
  "wheelThermals": {
    "RR": {
      "brakeSurfaceTemperature": 253.3720598189147,
      "brakeCoreTemperature": 255.09282026559018,
      "brakeThermalEfficiency": 0.9703995561287035
    },
    "RL": {
      "brakeSurfaceTemperature": 253.3720598189147,
      "brakeCoreTemperature": 255.09282026559018,
      "brakeThermalEfficiency": 0.9703995561287035
    },
    "FL": {
      "brakeSurfaceTemperature": 253.86388973472378,
      "brakeCoreTemperature": 255.58520424327105,
      "brakeThermalEfficiency": 0.9705795175325966
    },
    "FR": {
      "brakeSurfaceTemperature": 253.86388973472378,
      "brakeCoreTemperature": 255.58520424327105,
      "brakeThermalEfficiency": 0.9705795175325966
    }
  },
  "abs": 0.0,
  "lowhighbeam": 0.0,
  "nop": 0.0,
  "highbeam_wigwag_R": 0.0,
  "maxrpm": 16000.0,
  "disp_D": 0.0,
  "idlerpm": 0.0,
  "clutch": 0.0,
  "maxGearIndex": 1.0,
  "lowfuel": false,
  "brakelight_signal_R": 1.0,
  "disp_P": 0.0,
  "parkingbrakelight": 1.0,
  "parkingbrake_input": 1.0,
  "gearModeIndex": 3.0,
  "gear": "N",
  "regenFromOnePedal": 0.0,
  "lightbar": 0.0,
  "engineRunning": 1.0,
  "lights": 0.0,
  "disp_R": 0.0,
  "brake_input": 0.0,
  "odometer": 0.013538233195325839,
  "parkingbrake": 1.0,
  "fuel": 0.8562184151122985,
  "steering_input": -1.3050747880711082e-11,
  "boost": 0.0,
  "ignitionLevel": 2.0,
  "maxRegenStrength": 3.0,
  "regenFromBrake": 0.0,
  "isABSBrakeActive": 0.0,
  "lowbeam": 0.0,
  "accYSmooth": -6.465049440454104e-05,
  "dseWarningPulse": 0.0,
  "clutch_input": 0.0,
  "rpm": 0.9036817938631294,
  "turnsignal": 0.0,
  "reverse_wigwag_L": 0.0,
  "tcs": 0.0,
  "brake": 0.3,
  "altitude": 0.21165809704203942,
  "reverse_wigwag_R": 0.0,
  "oil": 0.0,
  "isYCBrakeActive": 0.0,
  "accZSmooth": -9.808589353730264,
  "rpmspin": 33.466423075188814,
  "accXSmooth": 0.000430113293924396,
  "hazard": 0.0,
  "highbeam": 0.0,
  "disp_1": 0.0,
  "airspeed": 0.006748389011049803,
  "steeringUnassisted": 0.0,
  "hasTCS": 1.0,
  "reverse": 0.0,
  "highbeam_wigwag_L": 0.0,
  "disp_Ra": 0.0,
  "throttle_input": 0.0,
  "electricalLoadCoef": 1.0,
  "isTCBrakeActive": 0.0,
  "disp_2": 0.0,
  "abs_active": 0.0,
  "avg_wheel_av": 0.009196202736347914,
  "brake_lights": 1.0,
  "check_engine": 0.0,
  "clutch_ratio": 1.0,
  "engine_load": 0.0,
  "engine_throttle": 0.0,
  "esc_active": false,
  "fog_lights": 0.0,
  "fuel_volume": 75.0,
  "fuel_capacity": 75.0,
  "gear_a": 0.6666666663351178,
  "gear_index": 0.0,
  "hazard_signal": false,
  "is_shifting": false,
  "headlights": 0.0,
  "oil_temperature": 0.0,
  "radiator_fan_spin": 0.0,
  "rpm_tacho": 0.8841205539708651,
  "signal_l": 0.0,
  "left_signal": false,
  "signal_r": 0.0,
  "right_signal": false,
  "tcs_active": false,
  "water_temperature": 0.0
}